{"eval/orig_mean":[618.8472290039062,-0.0008627237984910607,0.004273292142897844,120.6810073852539],"eval/recon_mean":[623.0685424804688,-0.0032505677081644535,0.019618190824985504,120.81334686279297],"_wandb":{"runtime":2921},"eval/orig_std":[107.66493225097656,0.8788597583770752,1.8152852058410645,23.612173080444336],"eval/recon_std":[106.75762939453125,0.8777887225151062,1.8205398321151733,26.017257690429688],"recon_loss":0.0018397857202216983,"_runtime":2918.932531183,"epoch":50,"loss":0.006708948872983456,"_timestamp":1.7483716400006194e+09,"_step":50,"vq_loss":0.0048691630363464355,"unique_codes":1820}