{"_timestamp":1.7502698853586204e+09,"recon_loss":0.0010765480110421777,"eval/recon_std":[107.7372055053711,0.8815603852272034,1.8127299547195435,24.604948043823242],"eval/orig_std":[107.72853088378906,0.8793561458587646,1.8143597841262817,23.644046783447266],"vq_loss":0.0017980249831452966,"_step":1,"eval/recon_mean":[621.955078125,-0.007409300189465284,0.004968931898474693,138.07667541503906],"_wandb":{"runtime":214},"eval/orig_mean":[618.6436767578125,-0.001101830042898655,-0.0008940946427173913,120.71417236328125],"_runtime":212.181891707,"unique_codes":1272,"epoch":85,"loss":0.0028745729941874743}