{"_timestamp":1.750268986062278e+09,"_runtime":341.816210436,"recon_loss":0.001090726931579411,"_wandb":{"runtime":352},"unique_codes":1270,"vq_loss":0.0017373769078403711,"_step":0,"loss":0.002828103955835104,"epoch":83}