{"epoch":30,"_step":39,"_runtime":2335.50545282,"_wandb":{"runtime":2336},"loss/vq":0.0025427918881177902,"loss/total":0.003865455975756049,"_timestamp":1.748331917227454e+09,"codes/unique":1230,"loss/recon":0.0013226642040535808}