{"eval/recon_std":[107.18833923339844,0.8747782707214355,1.8044452667236328,23.942707061767578],"_step":1,"unique_codes":1276,"epoch":81,"_timestamp":1.7502328782915866e+09,"_wandb":{"runtime":176},"vq_loss":0.001713807345367968,"eval/orig_std":[107.84196472167969,0.8803766965866089,1.814185619354248,23.635408401489258],"recon_loss":0.0010706961620599031,"eval/orig_mean":[619.0075073242188,0.001794294803403318,0.0015420359559357166,120.69153594970703],"eval/recon_mean":[616.7086791992188,0.014443750493228436,0.014883019030094147,137.6820068359375],"_runtime":175.056201504,"loss":0.002784503623843193}