{"_wandb":{"runtime":3584},"_step":10,"_timestamp":1.7483760354577942e+09,"eval/recon_mean":[624.0634765625,0.007133922539651394,0.015657620504498482,121.6780776977539],"epoch":60,"eval/orig_std":[107.83379364013672,0.8802122473716736,1.8135335445404053,23.545940399169922],"loss":0.0034525298979133368,"_runtime":3583.549908027,"eval/recon_std":[107.72911071777344,0.8758728504180908,1.8143671751022339,24.290271759033203],"eval/orig_mean":[619.0045776367188,0.002160798991099,0.00022010326210875064,120.72444152832031],"vq_loss":0.0021814550273120403,"recon_loss":0.0012710746377706528,"unique_codes":1792}