{"_wandb":{"runtime":1169},"_step":39,"epoch":50,"_runtime":1168.61685921,"loss/recon":0.0011861090315505862,"loss/vq":0.002470951061695814,"codes/unique":1919,"loss/total":0.0036570599768310785,"_timestamp":1.7483334572198155e+09}