{"loss":0.0029091909527778625,"_timestamp":1.7483861976347623e+09,"_step":10,"eval/recon_std":[107.76468658447266,0.8787387609481812,1.8054476976394653,23.59202003479004],"unique_codes":1832,"_runtime":3590.89972156,"eval/orig_mean":[618.8477172851562,-0.0006095496937632561,-0.002801382215693593,120.69792938232422],"_wandb":{"runtime":3592},"epoch":70,"recon_loss":0.0011188089847564697,"vq_loss":0.0017903820844367146,"eval/recon_mean":[619.9979248046875,0.005523943342268467,-0.008582287468016148,128.80386352539062],"eval/orig_std":[107.69503021240234,0.8803513050079346,1.81459379196167,23.544357299804688]}