{"eval/recon_mean":[619.3242797851562,0.012437591329216957,-0.005300139542669058,135.80307006835938],"unique_codes":1321,"_timestamp":1.750269454368412e+09,"_runtime":217.636770756,"loss":0.0029013529419898987,"epoch":84,"vq_loss":0.001805971609428525,"eval/orig_std":[107.98054504394531,0.8799199461936951,1.811779260635376,23.745698928833008],"_step":1,"recon_loss":0.0010953812161460519,"eval/orig_mean":[619.32763671875,-0.0013247578172013164,0.0002662022889126092,120.66969299316406],"_wandb":{"runtime":220},"eval/recon_std":[107.82647705078125,0.8847863674163818,1.8137084245681763,24.860078811645508]}