{"_timestamp":1.7483888128659105e+09,"eval/recon_mean":[623.3671264648438,0.012281171046197414,0.016218535602092743,124.90978240966797],"recon_loss":0.0010726643959060311,"vq_loss":0.0016924036899581552,"epoch":80,"eval/recon_std":[107.7821273803711,0.8850336670875549,1.8279411792755127,24.239164352416992],"eval/orig_mean":[618.9061889648438,0.00033942898153327405,-7.250806083902717e-05,120.75958251953125],"eval/orig_std":[107.89190673828125,0.8788421154022217,1.8153610229492188,23.65268898010254],"loss":0.0027650680858641863,"_step":10,"unique_codes":1237,"_wandb":{"runtime":1211},"_runtime":1210.932299886}