{"unique_codes":1281,"vq_loss":0.0017145085148513317,"recon_loss":0.0010671797208487988,"_step":1,"epoch":82,"eval/orig_mean":[619.1852416992188,0.0006996563170105219,0.0007173176854848862,120.79536437988281],"_runtime":171.080260877,"loss":0.002781688002869487,"_timestamp":1.7502339895413802e+09,"eval/recon_std":[108.04231262207031,0.8798990249633789,1.8174026012420654,24.294408798217773],"_wandb":{"runtime":172},"eval/recon_mean":[619.8173217773438,0.0069633424282073975,0.013228977099061012,124.59500122070312],"eval/orig_std":[107.9629135131836,0.8793109655380249,1.8125629425048828,23.716581344604492]}